vrijeme;korisnickoIme;adresaRacunala;ipAdresaRacunala;nazivOS;verzijaVM;opisRada
1744618379186;tivanovic21;webKolegiji2025;127.0.1.1;Linux;23.0.2+7-58;Poruka br: 0
1744618379540;tivanovic21;webKolegiji2025;127.0.1.1;Linux;23.0.2+7-58;Poruka br: 1
1744618379875;tivanovic21;webKolegiji2025;127.0.1.1;Linux;23.0.2+7-58;Poruka br: 2
1744618380210;tivanovic21;webKolegiji2025;127.0.1.1;Linux;23.0.2+7-58;Poruka br: 3
1744618380544;tivanovic21;webKolegiji2025;127.0.1.1;Linux;23.0.2+7-58;Poruka br: 4
1744618380878;tivanovic21;webKolegiji2025;127.0.1.1;Linux;23.0.2+7-58;Poruka br: 5
1744618381212;tivanovic21;webKolegiji2025;127.0.1.1;Linux;23.0.2+7-58;Poruka br: 6
1744618381547;tivanovic21;webKolegiji2025;127.0.1.1;Linux;23.0.2+7-58;Poruka br: 7
1744618381881;tivanovic21;webKolegiji2025;127.0.1.1;Linux;23.0.2+7-58;Poruka br: 8
1744618382215;tivanovic21;webKolegiji2025;127.0.1.1;Linux;23.0.2+7-58;Poruka br: 9
1744618382555;tivanovic21;webKolegiji2025;127.0.1.1;Linux;23.0.2+7-58;Poruka br: 10
1744618382890;tivanovic21;webKolegiji2025;127.0.1.1;Linux;23.0.2+7-58;Poruka br: 11
1744618383226;tivanovic21;webKolegiji2025;127.0.1.1;Linux;23.0.2+7-58;Poruka br: 12
1744618383565;tivanovic21;webKolegiji2025;127.0.1.1;Linux;23.0.2+7-58;Poruka br: 13
1744618383912;tivanovic21;webKolegiji2025;127.0.1.1;Linux;23.0.2+7-58;Poruka br: 14
1744618384250;tivanovic21;webKolegiji2025;127.0.1.1;Linux;23.0.2+7-58;Poruka br: 15
1744618384585;tivanovic21;webKolegiji2025;127.0.1.1;Linux;23.0.2+7-58;Poruka br: 16
1744618384938;tivanovic21;webKolegiji2025;127.0.1.1;Linux;23.0.2+7-58;Poruka br: 17
1744618385273;tivanovic21;webKolegiji2025;127.0.1.1;Linux;23.0.2+7-58;Poruka br: 18
1744618385607;tivanovic21;webKolegiji2025;127.0.1.1;Linux;23.0.2+7-58;Poruka br: 19
1744618385945;tivanovic21;webKolegiji2025;127.0.1.1;Linux;23.0.2+7-58;Poruka br: 20
1744618386279;tivanovic21;webKolegiji2025;127.0.1.1;Linux;23.0.2+7-58;Poruka br: 21
1744618386620;tivanovic21;webKolegiji2025;127.0.1.1;Linux;23.0.2+7-58;Poruka br: 22
1744618386961;tivanovic21;webKolegiji2025;127.0.1.1;Linux;23.0.2+7-58;Poruka br: 23
1744618387295;tivanovic21;webKolegiji2025;127.0.1.1;Linux;23.0.2+7-58;Poruka br: 24
1744618387629;tivanovic21;webKolegiji2025;127.0.1.1;Linux;23.0.2+7-58;Poruka br: 25
1744618387963;tivanovic21;webKolegiji2025;127.0.1.1;Linux;23.0.2+7-58;Poruka br: 26
1744618388297;tivanovic21;webKolegiji2025;127.0.1.1;Linux;23.0.2+7-58;Poruka br: 27
1744618388632;tivanovic21;webKolegiji2025;127.0.1.1;Linux;23.0.2+7-58;Poruka br: 28
1744618388965;tivanovic21;webKolegiji2025;127.0.1.1;Linux;23.0.2+7-58;Poruka br: 29
1744618389300;tivanovic21;webKolegiji2025;127.0.1.1;Linux;23.0.2+7-58;Poruka br: 30
1744618389635;tivanovic21;webKolegiji2025;127.0.1.1;Linux;23.0.2+7-58;Poruka br: 31
1744618389979;tivanovic21;webKolegiji2025;127.0.1.1;Linux;23.0.2+7-58;Poruka br: 32
1744618390315;tivanovic21;webKolegiji2025;127.0.1.1;Linux;23.0.2+7-58;Poruka br: 33
1744618390649;tivanovic21;webKolegiji2025;127.0.1.1;Linux;23.0.2+7-58;Poruka br: 34
1744618390984;tivanovic21;webKolegiji2025;127.0.1.1;Linux;23.0.2+7-58;Poruka br: 35
1744618391328;tivanovic21;webKolegiji2025;127.0.1.1;Linux;23.0.2+7-58;Poruka br: 36
1744618391668;tivanovic21;webKolegiji2025;127.0.1.1;Linux;23.0.2+7-58;Poruka br: 37
1744618392003;tivanovic21;webKolegiji2025;127.0.1.1;Linux;23.0.2+7-58;Poruka br: 38
1744618392346;tivanovic21;webKolegiji2025;127.0.1.1;Linux;23.0.2+7-58;Poruka br: 39
1744618392680;tivanovic21;webKolegiji2025;127.0.1.1;Linux;23.0.2+7-58;Poruka br: 40
1744618393031;tivanovic21;webKolegiji2025;127.0.1.1;Linux;23.0.2+7-58;Poruka br: 41
1744618393369;tivanovic21;webKolegiji2025;127.0.1.1;Linux;23.0.2+7-58;Poruka br: 42
1744618393707;tivanovic21;webKolegiji2025;127.0.1.1;Linux;23.0.2+7-58;Poruka br: 43
1744618394043;tivanovic21;webKolegiji2025;127.0.1.1;Linux;23.0.2+7-58;Poruka br: 44
1744618394377;tivanovic21;webKolegiji2025;127.0.1.1;Linux;23.0.2+7-58;Poruka br: 45
1744618394712;tivanovic21;webKolegiji2025;127.0.1.1;Linux;23.0.2+7-58;Poruka br: 46
1744618395047;tivanovic21;webKolegiji2025;127.0.1.1;Linux;23.0.2+7-58;Poruka br: 47
1744618395381;tivanovic21;webKolegiji2025;127.0.1.1;Linux;23.0.2+7-58;Poruka br: 48
1744618395715;tivanovic21;webKolegiji2025;127.0.1.1;Linux;23.0.2+7-58;Poruka br: 49
1744618396049;tivanovic21;webKolegiji2025;127.0.1.1;Linux;23.0.2+7-58;Poruka br: 50
1744618396384;tivanovic21;webKolegiji2025;127.0.1.1;Linux;23.0.2+7-58;Poruka br: 51
1744618396718;tivanovic21;webKolegiji2025;127.0.1.1;Linux;23.0.2+7-58;Poruka br: 52
1744618397051;tivanovic21;webKolegiji2025;127.0.1.1;Linux;23.0.2+7-58;Poruka br: 53
1744618397385;tivanovic21;webKolegiji2025;127.0.1.1;Linux;23.0.2+7-58;Poruka br: 54
1744618397718;tivanovic21;webKolegiji2025;127.0.1.1;Linux;23.0.2+7-58;Poruka br: 55
1744618398052;tivanovic21;webKolegiji2025;127.0.1.1;Linux;23.0.2+7-58;Poruka br: 56
1744618398386;tivanovic21;webKolegiji2025;127.0.1.1;Linux;23.0.2+7-58;Poruka br: 57
1744618398720;tivanovic21;webKolegiji2025;127.0.1.1;Linux;23.0.2+7-58;Poruka br: 58
1744618399055;tivanovic21;webKolegiji2025;127.0.1.1;Linux;23.0.2+7-58;Poruka br: 59
1744618399391;tivanovic21;webKolegiji2025;127.0.1.1;Linux;23.0.2+7-58;Poruka br: 60
1744618399727;tivanovic21;webKolegiji2025;127.0.1.1;Linux;23.0.2+7-58;Poruka br: 61
1744618400069;tivanovic21;webKolegiji2025;127.0.1.1;Linux;23.0.2+7-58;Poruka br: 62
1744618400404;tivanovic21;webKolegiji2025;127.0.1.1;Linux;23.0.2+7-58;Poruka br: 63
1744618400739;tivanovic21;webKolegiji2025;127.0.1.1;Linux;23.0.2+7-58;Poruka br: 64
1744618401078;tivanovic21;webKolegiji2025;127.0.1.1;Linux;23.0.2+7-58;Poruka br: 65
1744618401418;tivanovic21;webKolegiji2025;127.0.1.1;Linux;23.0.2+7-58;Poruka br: 66
1744618401752;tivanovic21;webKolegiji2025;127.0.1.1;Linux;23.0.2+7-58;Poruka br: 67
1744618402086;tivanovic21;webKolegiji2025;127.0.1.1;Linux;23.0.2+7-58;Poruka br: 68
1744618402420;tivanovic21;webKolegiji2025;127.0.1.1;Linux;23.0.2+7-58;Poruka br: 69
1744618402753;tivanovic21;webKolegiji2025;127.0.1.1;Linux;23.0.2+7-58;Poruka br: 70
1744618403088;tivanovic21;webKolegiji2025;127.0.1.1;Linux;23.0.2+7-58;Poruka br: 71
1744618403423;tivanovic21;webKolegiji2025;127.0.1.1;Linux;23.0.2+7-58;Poruka br: 72
1744618403757;tivanovic21;webKolegiji2025;127.0.1.1;Linux;23.0.2+7-58;Poruka br: 73
1744618404092;tivanovic21;webKolegiji2025;127.0.1.1;Linux;23.0.2+7-58;Poruka br: 74
1744618404426;tivanovic21;webKolegiji2025;127.0.1.1;Linux;23.0.2+7-58;Poruka br: 75
1744618404759;tivanovic21;webKolegiji2025;127.0.1.1;Linux;23.0.2+7-58;Poruka br: 76
1744618405093;tivanovic21;webKolegiji2025;127.0.1.1;Linux;23.0.2+7-58;Poruka br: 77
1744618405432;tivanovic21;webKolegiji2025;127.0.1.1;Linux;23.0.2+7-58;Poruka br: 78
1744618405765;tivanovic21;webKolegiji2025;127.0.1.1;Linux;23.0.2+7-58;Poruka br: 79
1744618406104;tivanovic21;webKolegiji2025;127.0.1.1;Linux;23.0.2+7-58;Poruka br: 80
1744618406442;tivanovic21;webKolegiji2025;127.0.1.1;Linux;23.0.2+7-58;Poruka br: 81
1744618406777;tivanovic21;webKolegiji2025;127.0.1.1;Linux;23.0.2+7-58;Poruka br: 82
1744618407112;tivanovic21;webKolegiji2025;127.0.1.1;Linux;23.0.2+7-58;Poruka br: 83
1744618407448;tivanovic21;webKolegiji2025;127.0.1.1;Linux;23.0.2+7-58;Poruka br: 84
1744618407785;tivanovic21;webKolegiji2025;127.0.1.1;Linux;23.0.2+7-58;Poruka br: 85
1744618408126;tivanovic21;webKolegiji2025;127.0.1.1;Linux;23.0.2+7-58;Poruka br: 86
1744618408461;tivanovic21;webKolegiji2025;127.0.1.1;Linux;23.0.2+7-58;Poruka br: 87
1744618408794;tivanovic21;webKolegiji2025;127.0.1.1;Linux;23.0.2+7-58;Poruka br: 88
1744618409134;tivanovic21;webKolegiji2025;127.0.1.1;Linux;23.0.2+7-58;Poruka br: 89
1744618409469;tivanovic21;webKolegiji2025;127.0.1.1;Linux;23.0.2+7-58;Poruka br: 90
1744618409805;tivanovic21;webKolegiji2025;127.0.1.1;Linux;23.0.2+7-58;Poruka br: 91
1744618410147;tivanovic21;webKolegiji2025;127.0.1.1;Linux;23.0.2+7-58;Poruka br: 92
1744618410486;tivanovic21;webKolegiji2025;127.0.1.1;Linux;23.0.2+7-58;Poruka br: 93
1744618410828;tivanovic21;webKolegiji2025;127.0.1.1;Linux;23.0.2+7-58;Poruka br: 94
1744618411163;tivanovic21;webKolegiji2025;127.0.1.1;Linux;23.0.2+7-58;Poruka br: 95
1744618411496;tivanovic21;webKolegiji2025;127.0.1.1;Linux;23.0.2+7-58;Poruka br: 96
1744618411830;tivanovic21;webKolegiji2025;127.0.1.1;Linux;23.0.2+7-58;Poruka br: 97
1744618412168;tivanovic21;webKolegiji2025;127.0.1.1;Linux;23.0.2+7-58;Poruka br: 98
1744618412503;tivanovic21;webKolegiji2025;127.0.1.1;Linux;23.0.2+7-58;Poruka br: 99
1744618526730;tivanovic21;webKolegiji2025;127.0.1.1;Linux;23.0.2+7-58;Poruka br: 0
1744618526971;tivanovic21;webKolegiji2025;127.0.1.1;Linux;23.0.2+7-58;Poruka br: 1
1744618527206;tivanovic21;webKolegiji2025;127.0.1.1;Linux;23.0.2+7-58;Poruka br: 2
1744618527441;tivanovic21;webKolegiji2025;127.0.1.1;Linux;23.0.2+7-58;Poruka br: 3
1744618527676;tivanovic21;webKolegiji2025;127.0.1.1;Linux;23.0.2+7-58;Poruka br: 4
1744618527912;tivanovic21;webKolegiji2025;127.0.1.1;Linux;23.0.2+7-58;Poruka br: 5
1744618528147;tivanovic21;webKolegiji2025;127.0.1.1;Linux;23.0.2+7-58;Poruka br: 6
1744618528385;tivanovic21;webKolegiji2025;127.0.1.1;Linux;23.0.2+7-58;Poruka br: 7
1744618528622;tivanovic21;webKolegiji2025;127.0.1.1;Linux;23.0.2+7-58;Poruka br: 8
1744618528857;tivanovic21;webKolegiji2025;127.0.1.1;Linux;23.0.2+7-58;Poruka br: 9
1744618529098;tivanovic21;webKolegiji2025;127.0.1.1;Linux;23.0.2+7-58;Poruka br: 10
1744618529333;tivanovic21;webKolegiji2025;127.0.1.1;Linux;23.0.2+7-58;Poruka br: 11
1744618529568;tivanovic21;webKolegiji2025;127.0.1.1;Linux;23.0.2+7-58;Poruka br: 12
1744618529803;tivanovic21;webKolegiji2025;127.0.1.1;Linux;23.0.2+7-58;Poruka br: 13
1744618530041;tivanovic21;webKolegiji2025;127.0.1.1;Linux;23.0.2+7-58;Poruka br: 14
1744618530281;tivanovic21;webKolegiji2025;127.0.1.1;Linux;23.0.2+7-58;Poruka br: 15
1744618530517;tivanovic21;webKolegiji2025;127.0.1.1;Linux;23.0.2+7-58;Poruka br: 16
1744618530753;tivanovic21;webKolegiji2025;127.0.1.1;Linux;23.0.2+7-58;Poruka br: 17
1744618530988;tivanovic21;webKolegiji2025;127.0.1.1;Linux;23.0.2+7-58;Poruka br: 18
1744618531225;tivanovic21;webKolegiji2025;127.0.1.1;Linux;23.0.2+7-58;Poruka br: 19
1744618531461;tivanovic21;webKolegiji2025;127.0.1.1;Linux;23.0.2+7-58;Poruka br: 20
1744618531695;tivanovic21;webKolegiji2025;127.0.1.1;Linux;23.0.2+7-58;Poruka br: 21
1744618531931;tivanovic21;webKolegiji2025;127.0.1.1;Linux;23.0.2+7-58;Poruka br: 22
1744618532168;tivanovic21;webKolegiji2025;127.0.1.1;Linux;23.0.2+7-58;Poruka br: 23
1744618532404;tivanovic21;webKolegiji2025;127.0.1.1;Linux;23.0.2+7-58;Poruka br: 24
1744618532639;tivanovic21;webKolegiji2025;127.0.1.1;Linux;23.0.2+7-58;Poruka br: 25
1744618532875;tivanovic21;webKolegiji2025;127.0.1.1;Linux;23.0.2+7-58;Poruka br: 26
1744618533110;tivanovic21;webKolegiji2025;127.0.1.1;Linux;23.0.2+7-58;Poruka br: 27
1744618533346;tivanovic21;webKolegiji2025;127.0.1.1;Linux;23.0.2+7-58;Poruka br: 28
1744618533581;tivanovic21;webKolegiji2025;127.0.1.1;Linux;23.0.2+7-58;Poruka br: 29
1744618533816;tivanovic21;webKolegiji2025;127.0.1.1;Linux;23.0.2+7-58;Poruka br: 30
1744618534051;tivanovic21;webKolegiji2025;127.0.1.1;Linux;23.0.2+7-58;Poruka br: 31
1744618534292;tivanovic21;webKolegiji2025;127.0.1.1;Linux;23.0.2+7-58;Poruka br: 32
1744619113847;tivanovic21;webKolegiji2025;127.0.1.1;Linux;23.0.2+7-58;Poruka br: 0
1744619113966;tivanovic21;webKolegiji2025;127.0.1.1;Linux;23.0.2+7-58;Poruka br: 1
1744619114067;tivanovic21;webKolegiji2025;127.0.1.1;Linux;23.0.2+7-58;Poruka br: 2
1744619114172;tivanovic21;webKolegiji2025;127.0.1.1;Linux;23.0.2+7-58;Poruka br: 3
1744619114274;tivanovic21;webKolegiji2025;127.0.1.1;Linux;23.0.2+7-58;Poruka br: 4
1744619114381;tivanovic21;webKolegiji2025;127.0.1.1;Linux;23.0.2+7-58;Poruka br: 5
1744619114482;tivanovic21;webKolegiji2025;127.0.1.1;Linux;23.0.2+7-58;Poruka br: 6
1744619114584;tivanovic21;webKolegiji2025;127.0.1.1;Linux;23.0.2+7-58;Poruka br: 7
1744619114687;tivanovic21;webKolegiji2025;127.0.1.1;Linux;23.0.2+7-58;Poruka br: 8
1744619114791;tivanovic21;webKolegiji2025;127.0.1.1;Linux;23.0.2+7-58;Poruka br: 9
1744619114893;tivanovic21;webKolegiji2025;127.0.1.1;Linux;23.0.2+7-58;Poruka br: 10
1744619114997;tivanovic21;webKolegiji2025;127.0.1.1;Linux;23.0.2+7-58;Poruka br: 11
1744619115100;tivanovic21;webKolegiji2025;127.0.1.1;Linux;23.0.2+7-58;Poruka br: 12
1744619115209;tivanovic21;webKolegiji2025;127.0.1.1;Linux;23.0.2+7-58;Poruka br: 13
1744619115310;tivanovic21;webKolegiji2025;127.0.1.1;Linux;23.0.2+7-58;Poruka br: 14
1744619115415;tivanovic21;webKolegiji2025;127.0.1.1;Linux;23.0.2+7-58;Poruka br: 15
1744619115516;tivanovic21;webKolegiji2025;127.0.1.1;Linux;23.0.2+7-58;Poruka br: 16
1747033810109;tivanovic21;webKolegiji2025;127.0.1.1;Linux;23.0.2+7-58;Poruka br: 0
1747033841660;tivanovic21;webKolegiji2025;127.0.1.1;Linux;23.0.2+7-58;Poruka br: 0
1747033851485;tivanovic21;webKolegiji2025;127.0.1.1;Linux;23.0.2+7-58;Poruka br: 0
1747033851500;tivanovic21;webKolegiji2025;127.0.1.1;Linux;23.0.2+7-58;Poruka br: 1
1747033851513;tivanovic21;webKolegiji2025;127.0.1.1;Linux;23.0.2+7-58;Poruka br: 2
1747033851526;tivanovic21;webKolegiji2025;127.0.1.1;Linux;23.0.2+7-58;Poruka br: 3
1747033851543;tivanovic21;webKolegiji2025;127.0.1.1;Linux;23.0.2+7-58;Poruka br: 4
1747033851559;tivanovic21;webKolegiji2025;127.0.1.1;Linux;23.0.2+7-58;Poruka br: 5
1747033851576;tivanovic21;webKolegiji2025;127.0.1.1;Linux;23.0.2+7-58;Poruka br: 6
1747033851588;tivanovic21;webKolegiji2025;127.0.1.1;Linux;23.0.2+7-58;Poruka br: 7
1747033851600;tivanovic21;webKolegiji2025;127.0.1.1;Linux;23.0.2+7-58;Poruka br: 8
1747033851614;tivanovic21;webKolegiji2025;127.0.1.1;Linux;23.0.2+7-58;Poruka br: 9
1747033851625;tivanovic21;webKolegiji2025;127.0.1.1;Linux;23.0.2+7-58;Poruka br: 10
1747033851641;tivanovic21;webKolegiji2025;127.0.1.1;Linux;23.0.2+7-58;Poruka br: 11
1747033851656;tivanovic21;webKolegiji2025;127.0.1.1;Linux;23.0.2+7-58;Poruka br: 12
1747033851671;tivanovic21;webKolegiji2025;127.0.1.1;Linux;23.0.2+7-58;Poruka br: 13
1747033851686;tivanovic21;webKolegiji2025;127.0.1.1;Linux;23.0.2+7-58;Poruka br: 14
1747033851699;tivanovic21;webKolegiji2025;127.0.1.1;Linux;23.0.2+7-58;Poruka br: 15
1747033851714;tivanovic21;webKolegiji2025;127.0.1.1;Linux;23.0.2+7-58;Poruka br: 16
1747033851725;tivanovic21;webKolegiji2025;127.0.1.1;Linux;23.0.2+7-58;Poruka br: 17
1747033851740;tivanovic21;webKolegiji2025;127.0.1.1;Linux;23.0.2+7-58;Poruka br: 18
1747033851760;tivanovic21;webKolegiji2025;127.0.1.1;Linux;23.0.2+7-58;Poruka br: 19
1747033851777;tivanovic21;webKolegiji2025;127.0.1.1;Linux;23.0.2+7-58;Poruka br: 20
1747033851789;tivanovic21;webKolegiji2025;127.0.1.1;Linux;23.0.2+7-58;Poruka br: 21
1747033851805;tivanovic21;webKolegiji2025;127.0.1.1;Linux;23.0.2+7-58;Poruka br: 22
1747033851816;tivanovic21;webKolegiji2025;127.0.1.1;Linux;23.0.2+7-58;Poruka br: 23
1747033851832;tivanovic21;webKolegiji2025;127.0.1.1;Linux;23.0.2+7-58;Poruka br: 24
1747033851844;tivanovic21;webKolegiji2025;127.0.1.1;Linux;23.0.2+7-58;Poruka br: 25
1747033851861;tivanovic21;webKolegiji2025;127.0.1.1;Linux;23.0.2+7-58;Poruka br: 26
1747033851876;tivanovic21;webKolegiji2025;127.0.1.1;Linux;23.0.2+7-58;Poruka br: 27
1747033851888;tivanovic21;webKolegiji2025;127.0.1.1;Linux;23.0.2+7-58;Poruka br: 28
1747033851902;tivanovic21;webKolegiji2025;127.0.1.1;Linux;23.0.2+7-58;Poruka br: 29
1747033851913;tivanovic21;webKolegiji2025;127.0.1.1;Linux;23.0.2+7-58;Poruka br: 30
1747033851928;tivanovic21;webKolegiji2025;127.0.1.1;Linux;23.0.2+7-58;Poruka br: 31
1747033851942;tivanovic21;webKolegiji2025;127.0.1.1;Linux;23.0.2+7-58;Poruka br: 32
1747033851960;tivanovic21;webKolegiji2025;127.0.1.1;Linux;23.0.2+7-58;Poruka br: 33
1747033851980;tivanovic21;webKolegiji2025;127.0.1.1;Linux;23.0.2+7-58;Poruka br: 34
1747033851992;tivanovic21;webKolegiji2025;127.0.1.1;Linux;23.0.2+7-58;Poruka br: 35
1747033852006;tivanovic21;webKolegiji2025;127.0.1.1;Linux;23.0.2+7-58;Poruka br: 36
1747033852022;tivanovic21;webKolegiji2025;127.0.1.1;Linux;23.0.2+7-58;Poruka br: 37
1747033852034;tivanovic21;webKolegiji2025;127.0.1.1;Linux;23.0.2+7-58;Poruka br: 38
1747033852044;tivanovic21;webKolegiji2025;127.0.1.1;Linux;23.0.2+7-58;Poruka br: 39
1747033852055;tivanovic21;webKolegiji2025;127.0.1.1;Linux;23.0.2+7-58;Poruka br: 40
1747033852074;tivanovic21;webKolegiji2025;127.0.1.1;Linux;23.0.2+7-58;Poruka br: 41
1747033852088;tivanovic21;webKolegiji2025;127.0.1.1;Linux;23.0.2+7-58;Poruka br: 42
1747033852098;tivanovic21;webKolegiji2025;127.0.1.1;Linux;23.0.2+7-58;Poruka br: 43
1747033852112;tivanovic21;webKolegiji2025;127.0.1.1;Linux;23.0.2+7-58;Poruka br: 44
1747033852122;tivanovic21;webKolegiji2025;127.0.1.1;Linux;23.0.2+7-58;Poruka br: 45
1747033852133;tivanovic21;webKolegiji2025;127.0.1.1;Linux;23.0.2+7-58;Poruka br: 46
1747033852144;tivanovic21;webKolegiji2025;127.0.1.1;Linux;23.0.2+7-58;Poruka br: 47
1747033852155;tivanovic21;webKolegiji2025;127.0.1.1;Linux;23.0.2+7-58;Poruka br: 48
1747033852168;tivanovic21;webKolegiji2025;127.0.1.1;Linux;23.0.2+7-58;Poruka br: 49
1747033852180;tivanovic21;webKolegiji2025;127.0.1.1;Linux;23.0.2+7-58;Poruka br: 50
1747033852196;tivanovic21;webKolegiji2025;127.0.1.1;Linux;23.0.2+7-58;Poruka br: 51
1747033852209;tivanovic21;webKolegiji2025;127.0.1.1;Linux;23.0.2+7-58;Poruka br: 52
1747033852220;tivanovic21;webKolegiji2025;127.0.1.1;Linux;23.0.2+7-58;Poruka br: 53
1747033852230;tivanovic21;webKolegiji2025;127.0.1.1;Linux;23.0.2+7-58;Poruka br: 54
1747033852242;tivanovic21;webKolegiji2025;127.0.1.1;Linux;23.0.2+7-58;Poruka br: 55
1747033852253;tivanovic21;webKolegiji2025;127.0.1.1;Linux;23.0.2+7-58;Poruka br: 56
1747033852267;tivanovic21;webKolegiji2025;127.0.1.1;Linux;23.0.2+7-58;Poruka br: 57
1747033852278;tivanovic21;webKolegiji2025;127.0.1.1;Linux;23.0.2+7-58;Poruka br: 58
1747033852295;tivanovic21;webKolegiji2025;127.0.1.1;Linux;23.0.2+7-58;Poruka br: 59
1747033852312;tivanovic21;webKolegiji2025;127.0.1.1;Linux;23.0.2+7-58;Poruka br: 60
1747033852323;tivanovic21;webKolegiji2025;127.0.1.1;Linux;23.0.2+7-58;Poruka br: 61
1747033852334;tivanovic21;webKolegiji2025;127.0.1.1;Linux;23.0.2+7-58;Poruka br: 62
1747033852349;tivanovic21;webKolegiji2025;127.0.1.1;Linux;23.0.2+7-58;Poruka br: 63
1747033852363;tivanovic21;webKolegiji2025;127.0.1.1;Linux;23.0.2+7-58;Poruka br: 64
1747033852382;tivanovic21;webKolegiji2025;127.0.1.1;Linux;23.0.2+7-58;Poruka br: 65
1747033852398;tivanovic21;webKolegiji2025;127.0.1.1;Linux;23.0.2+7-58;Poruka br: 66
1747033852409;tivanovic21;webKolegiji2025;127.0.1.1;Linux;23.0.2+7-58;Poruka br: 67
1747033852428;tivanovic21;webKolegiji2025;127.0.1.1;Linux;23.0.2+7-58;Poruka br: 68
1747033852439;tivanovic21;webKolegiji2025;127.0.1.1;Linux;23.0.2+7-58;Poruka br: 69
1747033852450;tivanovic21;webKolegiji2025;127.0.1.1;Linux;23.0.2+7-58;Poruka br: 70
1747033852464;tivanovic21;webKolegiji2025;127.0.1.1;Linux;23.0.2+7-58;Poruka br: 71
1747033852485;tivanovic21;webKolegiji2025;127.0.1.1;Linux;23.0.2+7-58;Poruka br: 72
1747033852497;tivanovic21;webKolegiji2025;127.0.1.1;Linux;23.0.2+7-58;Poruka br: 73
1747033852509;tivanovic21;webKolegiji2025;127.0.1.1;Linux;23.0.2+7-58;Poruka br: 74
1747033852520;tivanovic21;webKolegiji2025;127.0.1.1;Linux;23.0.2+7-58;Poruka br: 75
1747033852530;tivanovic21;webKolegiji2025;127.0.1.1;Linux;23.0.2+7-58;Poruka br: 76
1747033852543;tivanovic21;webKolegiji2025;127.0.1.1;Linux;23.0.2+7-58;Poruka br: 77
1747033852555;tivanovic21;webKolegiji2025;127.0.1.1;Linux;23.0.2+7-58;Poruka br: 78
1747033852566;tivanovic21;webKolegiji2025;127.0.1.1;Linux;23.0.2+7-58;Poruka br: 79
1747033852579;tivanovic21;webKolegiji2025;127.0.1.1;Linux;23.0.2+7-58;Poruka br: 80
1747033852590;tivanovic21;webKolegiji2025;127.0.1.1;Linux;23.0.2+7-58;Poruka br: 81
1747033852602;tivanovic21;webKolegiji2025;127.0.1.1;Linux;23.0.2+7-58;Poruka br: 82
1747033852614;tivanovic21;webKolegiji2025;127.0.1.1;Linux;23.0.2+7-58;Poruka br: 83
1747033852627;tivanovic21;webKolegiji2025;127.0.1.1;Linux;23.0.2+7-58;Poruka br: 84
1747033852640;tivanovic21;webKolegiji2025;127.0.1.1;Linux;23.0.2+7-58;Poruka br: 85
1747033852650;tivanovic21;webKolegiji2025;127.0.1.1;Linux;23.0.2+7-58;Poruka br: 86
1747033852664;tivanovic21;webKolegiji2025;127.0.1.1;Linux;23.0.2+7-58;Poruka br: 87
1747033852677;tivanovic21;webKolegiji2025;127.0.1.1;Linux;23.0.2+7-58;Poruka br: 88
1747033852694;tivanovic21;webKolegiji2025;127.0.1.1;Linux;23.0.2+7-58;Poruka br: 89
1747033852709;tivanovic21;webKolegiji2025;127.0.1.1;Linux;23.0.2+7-58;Poruka br: 90
1747033852721;tivanovic21;webKolegiji2025;127.0.1.1;Linux;23.0.2+7-58;Poruka br: 91
1747033852733;tivanovic21;webKolegiji2025;127.0.1.1;Linux;23.0.2+7-58;Poruka br: 92
1747033852747;tivanovic21;webKolegiji2025;127.0.1.1;Linux;23.0.2+7-58;Poruka br: 93
1747033852761;tivanovic21;webKolegiji2025;127.0.1.1;Linux;23.0.2+7-58;Poruka br: 94
1747033852780;tivanovic21;webKolegiji2025;127.0.1.1;Linux;23.0.2+7-58;Poruka br: 95
1747033852792;tivanovic21;webKolegiji2025;127.0.1.1;Linux;23.0.2+7-58;Poruka br: 96
1747033852804;tivanovic21;webKolegiji2025;127.0.1.1;Linux;23.0.2+7-58;Poruka br: 97
1747033852815;tivanovic21;webKolegiji2025;127.0.1.1;Linux;23.0.2+7-58;Poruka br: 98
1747033852826;tivanovic21;webKolegiji2025;127.0.1.1;Linux;23.0.2+7-58;Poruka br: 99
